<?xml version="1.0" encoding="utf-8"?>
<PlatformInfo>
	<Platform Name="Mac" BasePlatform="Mac" Generator="2022.1.1.8100"/>
	<RootPaths>
		<ProjectRoot>../../</ProjectRoot>
		<SourceFilesRoot>../../.cache/Mac/</SourceFilesRoot>
		<SoundBanksRoot>.</SoundBanksRoot>
		<ExternalSourcesInputFile></ExternalSourcesInputFile>
		<ExternalSourcesOutputRoot>.</ExternalSourcesOutputRoot>
	</RootPaths>
	<DefaultAlign>16</DefaultAlign>
	<Settings>
		<AutoSoundBankDefinition>false</AutoSoundBankDefinition>
		<CopyLooseStreamedMediaFiles>true</CopyLooseStreamedMediaFiles>
		<SubFoldersForGeneratedFiles>false</SubFoldersForGeneratedFiles>
		<RemoveUnusedGeneratedFiles>true</RemoveUnusedGeneratedFiles>
		<SourceControlGeneratedFiles>false</SourceControlGeneratedFiles>
		<GenerateHeaderFile>true</GenerateHeaderFile>
		<GenerateContentTxtFile>true</GenerateContentTxtFile>
		<GenerateMetadataXML>true</GenerateMetadataXML>
		<GenerateMetadataJSON>false</GenerateMetadataJSON>
		<GenerateAllBanksMetadata>true</GenerateAllBanksMetadata>
		<GeneratePerBankMetadata>false</GeneratePerBankMetadata>
		<UseSoundBankNames>true</UseSoundBankNames>
		<AllowExceedingMaxSize>false</AllowExceedingMaxSize>
		<MaxAttenuationInfo>true</MaxAttenuationInfo>
		<EstimatedDurationInfo>true</EstimatedDurationInfo>
		<PrintObjectGuid>false</PrintObjectGuid>
		<PrintObjectPath>false</PrintObjectPath>
	</Settings>
	<FileHash>{62D89F7B-EAF8-43D7-8B76-0E5D67ACC3CD}</FileHash>
</PlatformInfo>
