<?xml version="1.0" encoding="utf-8"?>
<PluginInfo Platform="Mac" BasePlatform="Mac">
	<PluginLibs>
		<PluginLib LibName="Wwise Compressor" LibId="7077891" Type="Effect" DLL="AkCompressor" StaticLib="AkCompressorFX"/>
		<PluginLib LibName="Wwise RoomVerb" LibId="7733251" Type="Effect" DLL="AkRoomVerb" StaticLib="AkRoomVerbFX"/>
		<PluginLib LibName="System" LibId="11403271" Type="AudioDevice"/>
		<PluginLib LibName="No Output" LibId="11862023" Type="AudioDevice"/>
	</PluginLibs>
	<FileHash>{D01BDB9C-4792-A6C3-B4B8-5C4C62F3208F}</FileHash>
</PluginInfo>
