<?xml version="1.0" encoding="utf-8"?>
<PluginInfo Platform="Windows" BasePlatform="Windows">
	<PluginLibs>
		<PluginLib LibName="Wwise Compressor" LibId="7077891" Type="Effect" DLL="AkCompressor" StaticLib="AkCompressorFX"/>
		<PluginLib LibName="Wwise RoomVerb" LibId="7733251" Type="Effect" DLL="AkRoomVerb" StaticLib="AkRoomVerbFX"/>
		<PluginLib LibName="System" LibId="11403271" Type="AudioDevice"/>
		<PluginLib LibName="No Output" LibId="11862023" Type="AudioDevice"/>
	</PluginLibs>
	<FileHash>{FFE7BE74-74A8-FA32-4751-22DE3373756F}</FileHash>
</PluginInfo>
